CREATE DATABASE  IF NOT EXISTS `chat_gpt` /*!40100 DEFAULT CHARACTER SET utf8mb4 COLLATE utf8mb4_0900_ai_ci */ /*!80016 DEFAULT ENCRYPTION='N' */;
USE `chat_gpt`;
-- MySQL dump 10.13  Distrib 8.0.44, for Win64 (x86_64)
--
-- Host: localhost    Database: chat_gpt
-- ------------------------------------------------------
-- Server version	8.0.44

/*!40101 SET @OLD_CHARACTER_SET_CLIENT=@@CHARACTER_SET_CLIENT */;
/*!40101 SET @OLD_CHARACTER_SET_RESULTS=@@CHARACTER_SET_RESULTS */;
/*!40101 SET @OLD_COLLATION_CONNECTION=@@COLLATION_CONNECTION */;
/*!50503 SET NAMES utf8 */;
/*!40103 SET @OLD_TIME_ZONE=@@TIME_ZONE */;
/*!40103 SET TIME_ZONE='+00:00' */;
/*!40014 SET @OLD_UNIQUE_CHECKS=@@UNIQUE_CHECKS, UNIQUE_CHECKS=0 */;
/*!40014 SET @OLD_FOREIGN_KEY_CHECKS=@@FOREIGN_KEY_CHECKS, FOREIGN_KEY_CHECKS=0 */;
/*!40101 SET @OLD_SQL_MODE=@@SQL_MODE, SQL_MODE='NO_AUTO_VALUE_ON_ZERO' */;
/*!40111 SET @OLD_SQL_NOTES=@@SQL_NOTES, SQL_NOTES=0 */;

--
-- Table structure for table `conversations`
--

DROP TABLE IF EXISTS `conversations`;
/*!40101 SET @saved_cs_client     = @@character_set_client */;
/*!50503 SET character_set_client = utf8mb4 */;
CREATE TABLE `conversations` (
  `conversation_id` int unsigned NOT NULL AUTO_INCREMENT,
  `conversation_uuid` char(36) NOT NULL DEFAULT (uuid()),
  `title` varchar(40) NOT NULL DEFAULT 'subject',
  `created_at` datetime NOT NULL DEFAULT CURRENT_TIMESTAMP,
  PRIMARY KEY (`conversation_id`),
  UNIQUE KEY `conversation_uuid` (`conversation_uuid`),
  KEY `idx_conversation_uuid` (`conversation_uuid`)
) ENGINE=InnoDB AUTO_INCREMENT=30 DEFAULT CHARSET=utf8mb4 COLLATE=utf8mb4_0900_ai_ci;
/*!40101 SET character_set_client = @saved_cs_client */;

--
-- Dumping data for table `conversations`
--

LOCK TABLES `conversations` WRITE;
/*!40000 ALTER TABLE `conversations` DISABLE KEYS */;
INSERT INTO `conversations` VALUES (19,'29a5a228-666b-11f1-b12b-00155d0557c7','קניית אופנוע - טיפים ורצונות','2026-06-12 17:29:47'),(20,'2c1673cc-666b-11f1-b12b-00155d0557c7','קניית אופנוע חדשה','2026-06-12 17:29:51'),(23,'50ff978c-675c-11f1-b12b-00155d0557c7','מים הדרושים לעץ מנגו','2026-06-13 22:16:01'),(24,'ef0be018-675d-11f1-b12b-00155d0557c7','זמני כניסת שבת בלוח שנה','2026-06-13 22:27:36'),(25,'2b2f9734-6761-11f1-b12b-00155d0557c7','הכנת שניצלים','2026-06-13 22:50:45'),(26,'42f601e3-68e7-11f1-b12b-00155d0557c7','שלום! איך אפשר לעזור לך היום?','2026-06-15 21:23:09'),(27,'a678d0f2-69bb-11f1-b12b-00155d0557c7','השיטה המוצלחת ביותר ללמוד אנגלית','2026-06-16 22:43:29'),(28,'fd0bafa5-69bb-11f1-b12b-00155d0557c7','חומרי לימוד לאנגלית','2026-06-16 22:45:55'),(29,'3e5fa2df-69bd-11f1-b12b-00155d0557c7','אתרים מומלצים בתאילנד','2026-06-16 22:54:54');
/*!40000 ALTER TABLE `conversations` ENABLE KEYS */;
UNLOCK TABLES;

--
-- Table structure for table `messages`
--

DROP TABLE IF EXISTS `messages`;
/*!40101 SET @saved_cs_client     = @@character_set_client */;
/*!50503 SET character_set_client = utf8mb4 */;
CREATE TABLE `messages` (
  `message_id` int unsigned NOT NULL AUTO_INCREMENT,
  `conversation_id` int unsigned NOT NULL,
  `sequence_number` int unsigned NOT NULL,
  `sender_type` int NOT NULL,
  `message_text` mediumtext NOT NULL,
  `created_at` datetime NOT NULL DEFAULT CURRENT_TIMESTAMP,
  PRIMARY KEY (`message_id`),
  UNIQUE KEY `uq_conversation_sequence` (`conversation_id`,`sequence_number`),
  KEY `idx_conversation_id` (`conversation_id`),
  KEY `idx_created_at` (`created_at`),
  CONSTRAINT `fk_messages_conversation` FOREIGN KEY (`conversation_id`) REFERENCES `conversations` (`conversation_id`) ON DELETE CASCADE
) ENGINE=InnoDB AUTO_INCREMENT=142 DEFAULT CHARSET=utf8mb4 COLLATE=utf8mb4_0900_ai_ci;
/*!40101 SET character_set_client = @saved_cs_client */;

--
-- Dumping data for table `messages`
--

LOCK TABLES `messages` WRITE;
/*!40000 ALTER TABLE `messages` DISABLE KEYS */;
INSERT INTO `messages` VALUES (42,19,1,2,'היי\nאני מעוניין לקנות אופנוע','2026-06-12 17:29:47'),(43,19,2,1,'היי! זה נהדר שאתה מתעניין לקנות אופנוע. איזה סוג אופנוע אתה מחפש? יש לך תקציב מסוים או צורך מסוים שאתה רוצה למלא באופנוע? אני כאן כדי לעזור!','2026-06-12 17:29:49'),(44,20,1,2,'היי\nאני מעוניין לקנות אופנוע','2026-06-12 17:29:51'),(45,20,2,1,'היי! זה נהדר לשמוע שאתה מתעניין לקנות אופנוע. יש כמה דברים שיכולים לעזור לך להתחיל:\n\n1. **סוג האופנוע**: חשבתי על איזה סוג אופנוע אתה מעוניין? יש אופנועים לדו-שימוש (שטח וכביש), אופנועי ספורט, אופנועים קלאסיים, ואחרים.\n\n2. **תקציב**: מה התקציב שלך? ישנם אופנועים בכל טווחי המחירים.\n\n3. **ניסיון**: יש לך ניסיון לפני זה? אם אתה רוכב חדש, אולי כדאי לשקול אופנוע קטן יותר ומתחיל.\n\n4. **ציוד בטיחות**: חשוב להשקיע גם בציוד בטיחות כמו קסדה, מגני גוף, כפפות וחליפת רכיבה.\n\nאם תוכל לספק יותר פרטים, אשמח לעזור לך יותר!','2026-06-12 17:29:57'),(46,19,3,2,'משהו בסגנון ADVENTUER ','2026-06-12 17:30:59'),(47,19,4,1,'יופי! אופנועי Adventure (או ADV) הם בחירה מצוינת אם אתה מחפש שילוב של רכיבה בשטח ובכביש. הם בדרך כלל מצוידים בתכונות שמאפשרות להם להתמודד עם מגוון תנאי רכיבה.\n\nכשאתה בוחר אופנוע Adventure, יש כמה דברים שחשוב לשקול:\n\n1. **נפח מנוע**: אופנועים קטנים יותר (כמו 500-700 סמ\"ק) בדרך כלל יותר קלים לשימוש ומומלצים לרוכבים מתחילים, בעוד שאופנועים עם מנוע בנפח גדול יותר (800 סמ\"ק ומעלה) מציעים ביצועים טובים יותר בכביש ובשטח.\n\n2. **משקל**: ודא que האופנוע לא כבד מדי עבורך, במיוחד אם אתה מתכוון לרכב בשטח.\n\n3. **נוחות רכיבה**: נסה לרכב על כמה דגמים שונים כדי לראות איזה מהם הכי נוח לך.\n\n4. **טכנולוגיה**: טכנולוגיות כמו ABS, בקרת אחיזה ו-ride modes יכולים לשפר את חווית הרכיבה.\n\n5. **שירות ותמיכה**: צור קשר עם נותני שירות באזור שלך כדי לוודא שיש תמיכת שירות זמינה עבור הדגם שאתה שוקל.\n\nהדגמים הפופולריים בקטגוריית Adventure כוללים:\n\n- BMW GS סדרה (כמו R1250GS)\n- KTM 1290 Super Adventure\n- Honda Africa Twin\n- Yamaha Tenere 700\n- Triumph Tiger\n\nאם יש לך שאלות נוספות או צריך מידע על דגם מסוים, אל תהסס לשאול!','2026-06-12 17:31:05'),(52,23,1,2,'כמה מים צריך עץ מנגו','2026-06-13 22:16:01'),(55,23,2,1,'עץ מנגו זקוק למים בכמויות שיכולות להשתנות בהתאם לגיל העץ, למזג האוויר ולסוג האדמה. עשרות השנים הראשונות עץ מנגו צעיר יכול לדרוש השקיה קבועה כדי להתבסס טוב. \n\nעקרונית, בחודשי הקיץ החמים, יש להשקות עץ מנגו לפחות פעם בשבוע, ואולי יותר בתנאים מאוד יבשים. בעונות הגשומות, תהליך השורשים של העץ קולט מים מהקרקע, ואין צורך להשקות.\n\nבוגרים, עץ מנגו יכול להסתדר גם עם פחות מים, אך חשוב להקפיד על השקיה מספקת בתקופות של יובש. מומלץ לבדוק את לחות האדמה ולהשקות לפי הצורך.\n\nכמובן, השתדל להימנע מהשקיה יתרה, מכיוון שזה עלול לגרום לרקבון שורשים.','2026-06-13 22:16:05'),(56,23,3,2,'מה ההסדל בן ליצי למנגו','2026-06-13 22:17:07'),(57,23,4,1,'ליצי ומנגו הם שני סוגי פרי שונים, וכל אחד מהם מגיע ממין ועץ שונים. הנה כמה הבדלים מרכזיים ביניהם:\n\n1. **מוצא**:\n   - **ליצי** (Litchi chinensis) הוא פרי שמקורו בדרום סין ובאזורים טרופיים נוספים באסיה.\n   - **מנגו** (Mangifera indica) הוא פרי שמקורו בדרום אסיה, בעיקר בהודו ובפרס.\n\n2. **מאפייני הפרי**:\n   - **ליצי**: \n     - בעל קליפה אדומה או ורודה, רכה ועטופה בבשר פירות לבן ושקוף.\n     - הטעם מתוק עם טעמים פרחוניים, והמרקם רך.\n   - **מנגו**:\n     - קליפה עורית שעשויה להיות ירוקה, צהובה או אדומה, תלוי בזן.\n     - בשר פרי עבה, עסיסי ומתקתק, עם גרעין גדול במרכז.\n\n3. **עונה**:\n   - **ליצי**: בדרך כלל מתבצע בעונת הקיץ, והוא זמין בשווקים בעיקר במאי-יולי.\n   - **מנגו**: גם המנגו זמין בעונת הקיץ, אך הוא נמצא בשווקים לאורך חודשים רבים, עם זנים שונים בכל עונה.\n\n4. **ערכים תזונתיים**:\n   - שני הפרים הם עשירים בוויטמינים, ומזינים, אך בעיות שונות. הליצי מכיל בעיקר ויטמין C, ואילו המנגו מכיל כמויות גבוהות של ויטמינים A ו-C.\n\n5. **שימושים**:\n   - **ליצי**: בדרך כלל נאכל טרי, אך גם משתמשים בו בפתיחות, קינוחים או במיצים.\n   - **מנגו**: נפוץ כאוכל טרי, וכמו כן בו השתמשים להכנת שייקים, סלטים, ריבות, רטבים, ועוד.\n\nלסיכום, למרות ששני הפירות הם מתוקים וטעימים, הם שונים באופן מהותי במוצא, במראה, בטעם ובשימושים הקולינריים שלהם.','2026-06-13 22:17:17'),(58,23,5,2,'הליצח לא מוציא פירות','2026-06-13 22:22:29'),(59,23,6,1,'אם עץ הליצי לא מוציא פירות, יש מספר סיבות אפשריות לכך. הנה כמה מהן:\n\n1. **גיל העץ**: ליצי לוקח זמן להבשיל ולהתחיל להניב פירות. עץ ליצי צעיר עשוי לקחת מספר שנים (בדרך כלל בין 3 ל-5 שנים או יותר) עד שייתחיל להניב פירות.\n\n2. **תנאי אקלים**: הליצי זקוק לתנאים טרופיים או סוב-טרופיים עם חום ולחות. טמפרטורות נמוכות או תנאים קרים עשויים להשפיע על הפריה.\n\n3. **השקיה**: עץ הליצי זקוק למים, אך יש להקפיד לא להשקות יותר מדי. השקיה לא מספקת או השקיה יתרה עלולה לפגוע בפרי.\n\n4. **הצטברות חומרים מזינים**: יש צורך לטפח את העץ בתמיסות דשן מתאימות. מחסור במזין מסוים יכול להשפיע על היכולת של העץ להניב פרי.\n\n5. **פריחה ופריה**: אם לא היו מספיק חרקים Pollinators כמו דבורים באזור שלך, ייתכן שהפריחה לא התרחשה ולכן לא התקבלו פירות.\n\n6. **תחזוקה**: אם לא מבצעים גיזום סדיר והסרת ענפים יבשים או חולים, זה יכול להשפיע על בריאות העץ.\n\n7. **מחלות ומזיקים**: העץ עשוי להיות מושפע ממחלות או מזיקים שנוגעים בפריחה ובפרי.\n\nאם עץ הליצי שלך לא הניב פירות במשך זמן ממושך, כדאי לבדוק את התנאים הסביבתיים, להשקיע בטיפול הנכון בעץ או להתייעץ עם גנן מקצועי על מנת להבין את הסיבות המדויקות למצב.','2026-06-13 22:22:37'),(60,23,7,2,'איזה בעל חיים אוכל פסיפלורה ישירות מהשיח','2026-06-13 22:23:47'),(61,23,8,1,'פסיפלורה, או בשמה הנוסף \"פרי התשוקה\" (Passiflora edulis), היא פרי שמושך שונים בעלי חיים, שמאכילים את עצמם מהשיח. כמה מבעלי החיים הידועים שאוכלים פסיפלורה ישירות מהצמח כוללים:\n\n1. **ציפורים**: במיוחד ציפורים כמו תוכים, עורבים וציפורי שיר שונות. הן מתעניינות בפרי בשל ומלקקות את הבשר ומהן את הזרעים.\n\n2. **קופים**: קופים ועצלים הם גם בעלי חיים שנמצאים באזורים טרופיים ואוכלים את פרי הפסיפלורה.\n\n3. **חרקים**: גם חרקים שונים עלולים לאכול את הפרי, אם כי זה לא נפוץ.\n\nבהתחשב בטעמו המתוק והעסיסי של הפרי, פסיפלורה היא יעד מועדף לבעלי חיים חקלאיים וגם לצרכים קופסתיים בברים ועבור השוק.','2026-06-13 22:23:51'),(62,23,9,2,'ליצי מחוייב בעורלה ?','2026-06-13 22:25:13'),(63,23,10,1,'ליצי נחשב לפרי שמחויב בעורלה לפי ההלכה היהודית. עורלה היא מצווה שמחייבת את המגדלים והצרכנים לנהוג בפרי שניטע אחרי גיל 3 שנים, וחייבים להסיר ממנו את הפרי שנמצא על העץ במשך שלוש השנים הראשונות.\n\nלפי ההלכה, יש לנהוג בעורלה גם בפרי שנמלח (מם) בעציצים ובשדה, והמצווה חלה על כל הפירות שנאכלים. לכן, אם אתה מתכוון לאכול ליצי שהגיע מישראל (או שגדל על פי החוק המקומי), יש לשים לב אם הוא נידון בעורלה או לא.\n\nאם אתה קונה ליצי שנגדל בארץ, כדאי לבדוק אם יש סימון או מידע לגבי העורלה. במקרים של פירות מייבוא, לרוב יש לקחת בחשבון את תקנות העורלה של צריכת הפירות בארץ.','2026-06-13 22:25:17'),(64,24,1,2,'זמני כניסת שבת','2026-06-13 22:27:36'),(65,24,2,1,'מכיוון שזמני כניסת שבת משתנים ממקום למקום ומתקופה לתקופה, אני ממליץ לבדוק את המידע באתרי היהדות או באפליקציות שמספקות זמני תפילות וזמני כניסת שבת. אם אתה מתעניין בזמני כניסה לשבת בעיר ספציפית, אתה מוזמן לכתוב לי את שם העיר ואנסה לעזור כמיטב יכולתי.','2026-06-13 22:27:38'),(66,24,3,2,'יבנה','2026-06-13 22:27:58'),(67,24,4,1,'זמני כניסת שבת משתנים מדי שבוע ולכן יש לבדוק את המידע באופן עדכני. עם זאת, בדרך כלל, זמני כניסת שבת ביבנה הם בסביבות:\n\n- **זמן כניסת שבת**: בדרך כלל בין 18:30 ל-19:10, תלוי במועד בשנה.\n- **זמן خروج שבת**: בדרך כלל בין 19:50 ל-20:15.\n\nמומלץ לבדוק את המידע באתרים או באפליקציות ייעודיות, כמו \"זמני תפילות\" או \"אביר יעקב\", כדי לקבל את המידע המדויק והעדכני ביותר לכל שבוע.','2026-06-13 22:28:01'),(68,25,1,2,'איך מכינים שניצלים','2026-06-13 22:51:59'),(69,25,2,1,'כדי להכין שניצלים, תצטרך את המרכיבים והכלים הבאים:\n\n### מרכיבים:\n1. חזה עוף או חזה תרנגולת\n2. מלח\n3. פלפל שחור\n4. קמח (לגרסה היבשה)\n5. ביצים\n6. פנקו (או Breadcrumbs) – פירורי לחם\n7. שמן לטיגון\n\n### כלי עבודה:\n1. פטיש שניצל או כלי דמוי פטיש\n2. צלחת שטוחה או קופסה לניפוי\n3. קופסה נוספת להכנת הבצ batter\n4. מחבת שטוחה לטיגון\n5. מגבת נייר לסינון שומן\n\n### הוראות הכנה:\n1. **הכנת חזה העוף**: חתוך את חזית העוף לפרוסות דקות בעובי 1-2 ס\"מ. אם רוצים, ניתן להכות עם פטיש שניצל כדי להכות את הפרוסות ולהפוך אותן לדקות יותר.\n   \n2. **תיבול**: מתבלים את נתחי העוף במלח ופלפל משני הצדדים.\n\n3. **טבילת השניצלים**:\n   - **קמח**: שים קמח בצלחת שטוחה. טבל את כל נתחי העוף בקמח, עד שהקמח דבק לכל הפנים.\n   - **ביצים**: בקופסה נפרדת, שוברים ביצים וטורפים אותן. טבל את נתחי העוף בקערת הביצים כך שהביצה תכסה את כל הנתח.\n   - **פנקו**: לאחר מכן, טבל את נתחי העוף בפירורי לחם (פנקו), כך שהפירורים ידבקו היטב.\n\n4. **טיגון**: מחממים שמן במחבת על חום בינוני-גבוה. ברגע שהשמן חם, מניחים את נתחי השניצל במחבת בצורה זהירה. טגנים כ-3-4 דקות מכל צד, עד שהשניצלים זהובים וקריספיים.\n\n5. **סינון שומן**: כאשר השניצלים מוכנים, מעבירים אותם למגבת נייר לסינון השומן.\n\n6. **הגשה**: מגישים עם תוספות כמו תפוחי אדמה, סלט, או רטבים מגוונים.\n\nבתיאבון!','2026-06-13 22:52:06'),(70,25,3,2,'איזה עוד תוספות אפשריות לצד השניצל?','2026-06-13 22:53:02'),(71,25,4,1,'לשניצלים ניתן להוסיף מגוון רחב של תוספות, שיכולות לשדרג את הארוחה ולהתאים לטעמים שונים. הנה כמה רעיונות:\n\n1. **תפוחי אדמה**:\n   - תפוחי אדמה צלויים בתנור עם תיבול (מלח, פלפל, שמן זית ותבלינים).\n   - פירה תפוחי אדמה.\n   - צ\'יפס או פוטטו פריזאי (תפוחי אדמה מטוגנים).\n\n2. **סלטים**:\n   - סלט ירקות טרי (עגבניות, מלפפונים, חסה, בצל).\n   - סלט טונה או סלט ביצים.\n   - סלט קולבר או סלט כרוב עם רוטב טעים.\n\n3. **רטבים**:\n   - רוטב tzatziki (יוגורט עם מלפפון ושום).\n   - רוטב חריף או רוטב צ\'ילי.\n   - מיונז, קצפת שמנת או רוטב שום.\n\n4. **גרגרים**:\n   - אורז (לבן, פרסי או עם ירקות).\n   - קוסקוס או קינואה.\n\n5. **ירקות בגריל או מוקפצים**:\n   - שום סוג של ירקות כמו קישואים, פלפלים, גזר וברוקולי.\n   - ירקות מוקפצים עם רוטב סויה.\n\n6. **לחם**:\n   - פוקאצ\'ה או לחם פריך.\n   - פיתה או בייגלה.\n\n7. **תוספות נוספות**:\n   - פרוסות אבוקדו.\n   - חמוצים שונים.\n   - תפוחי אדמה מבושלים או רגבים.\n\nכל תוספת תביא טעמים, צבעים ומרקמים שונים לארוחה שלכם, כך שתוכלו לגוון ולהתאים את השניצל לטעמים האישיים שלכם. בתיאבון!','2026-06-13 22:53:09'),(72,20,3,2,'דו שימושי','2026-06-14 23:23:23'),(73,20,4,1,'אופנוע דו-שימושי הוא בחירה מצוינת, כי הוא מתאים גם לרכיבה בעיר וגם לנסיעות בשטח. הנה כמה פרטים ועצות שיכולים לעזור לך בבחירה:\n\n### 1. **דגמים פופולריים**:\n   - **Kawasaki Versys**: אופנוע נוח לנסיעות ארוכות החשוב למעשה עם יכולות שטח טובות.\n   - **Honda CRF250L**: אופנוע קל וקומפקטי, מאוד ידידותי לרוכבים חדשים.\n   - **Yamaha Tenere 700**: אופנוע שיכולת השטח שלו גבוהה, וגם מצוין לנסיעות כביש.\n   - **BMW GS טווח 310 / 850**: אופנועים איכותיים ומוכרים בשוק הדו-שימושי, יש להם מאפיינים מעולים לנסיעות ארוכות.\n\n### 2. **מאפיינים חשובים**:\n   - **משקל**: אם אתה רוכב חדש, כדאי לבחור באופנוע קל שיכול להיות יותר נוח לשליטה.\n   - **נוחות רכיבה**: חשוב לבדוק את Comfort המושב, בעיקר אם אתה מתכנן לנסוע מרחקים ארוכים.\n   - **יכולת שטח**: חפש אופנוע עם צמיגים המתאימים לתנאי שטח ושמונה גבוהה.\n\n### 3. **ציוד ואביזרים**:\n   - **קסדה**: חובה לכל רוכב – כדאי להשקיע בקסדה איכותית.\n   - **מגני גוף**: כולל מגני ברכיים, מרפקים וחליפת רכיבה.\n   - **תיקים ואחסון**: חשוב שיהיה לך מקום לאחסון כשאתה נוסע בשבילי שטח.\n\n### 4. **רגולציה ורישוי**:\n   - ודא שאתה מודע לכל דרישות הרישוי באזור שלך לרכישת אופנוע, כולל רישיונות, ביטוח וכו\'.\n\nאם יש לך שאלות נוספות או דגמים מסוימים שאתה רואה, אני כאן לעזור!','2026-06-14 23:23:34'),(74,20,5,2,'משהו באיזור 800 סמק ','2026-06-14 23:31:17'),(75,20,6,1,'אופנועים בגודל 800 סמ\"ק הם בחירה מצוינת לקטגוריית הדו-שימושי. הם מציעים כוח טוב לא רק לנסיעות בכביש אלא גם לנסיעות בשטח. הנה כמה דגמים פופולריים ומומלצים:\n\n### 1. **Yamaha Tenere 700**\n   - מכונת דו-שימושי איכותית המתאימה לשטח ודרך אספלט.\n   - כוח, אמינות, וחווית רכיבה מצוינת בשני סוגי השטח.\n   - משקל סביר, קלה לתמרון, עם שינויים טובים בשטח.\n\n### 2. **BMW F 850 GS**\n   - אופנוע פופולרי מאוד בקטגוריית הדו-שימושי.\n   - מציע יכולות טובות בשטח ונוחות טובה בכביש.\n   - מערכת מתקדמת של מומחה ביטיחות, בטיחות, ויכולת טיול.\n\n### 3. **Kawasaki Versys 650**\n   - אופנוע נוח לנסיעות ארוכות, עם בטיחות ויכולת שטח סבירה.\n   - ניתן לשדרגו בכמה אופציות כדי להתאים לרכיבה בשטח.\n\n### 4. **Honda Africa Twin (דגם 850)**\n   - אופנוע המפורסם בזכות יכולות השטח שלו, נחשב לאגדה בתחום.\n   - יחסית קל לתפעול ובעל טכנולוגיה מתקדמת.\n\n### 5. **Suzuki V-Strom 650**\n   - אופנוע עם נוחות גבוהה לרכיבה ארוכת טווח ויכולת שטח סבירה.\n   - מערכת נהדרת, אמינות גבוהה.\n\n### טיפים לרכישה:\n- **נסיעת מבחן**: לפני שאתה מחליט, חשוב לערוך נסיעת מבחן כדי לראות מה נוח לך ומה מתאים לסגנון הרכיבה שלך.\n- **שירות ותחזוקה**: בדוק את הזמינות של שירותים וחלקי חילוף לאופנוע שאתה שוקל לקנות.\n- **ביטוח**: קיים באופנועים דו-שימושיים תקציב ביטוח שונה – כדאי לבדוק מחירים לפני הקנייה.\n\nאם יש לך שאלות נוספות או אם אתה שוקל דגם מסוים, אני כאן לעזור!','2026-06-14 23:31:45'),(76,20,7,2,'מיגון כבר יש\nמחפש משהו יחסית זול','2026-06-14 23:35:08'),(77,20,8,1,'אם יש לך כבר מיגון ואתה מחפש אופנוע דו-שימושי בסביבות 800 סמ\"ק בתקציב יחסית זול, יש כמה דגמים שיכולים להתאים. חשוב גם להתחשב בשוק היד השנייה, שם אפשר למצוא עסקות טובות. הנה רשימה של אופנועים שיכולים להתאים:\n\n### אופנועים דו-שימושיים בתקציב נמוך יחסית:\n\n1. **Kawasaki Versys 650 (אזור ה-2010-2015)**:\n   - אופנוע מאוד נוח עם יכולות שטח וספורט טובים.\n   - מערכת אמינה עם תחזוקה נוחה, לרוב ניתן למצוא במחירים סבירים בשוק היד שנייה.\n\n2. **Suzuki V-Strom 650 (אזור ה-2010-2015)**:\n   - אופנוע עם ציון גבוה בנוחות רכיבה, יכולת שטח טובה ושימוש יומיומי.\n   - עקוב אחר דגמים משומשים במצב טוב.\n\n3. **Yamaha XT660R**:\n   - אופנוע דו-שימושי חזק ומוכר עם יכולת טובה בשטח.\n   - זמין במחירים סבירים בשוק היד שנייה, במיוחד לדגמים ישנים יותר.\n\n4. **Honda CRF250L**:\n   - אם אתה מוכן לשקול אופנוע קטן יותר, דגם זה משתלם מאוד.\n   - שוקל פחות, קל לתפעול עם ניסיון נמוך, ובמחיר קשה לנצח.\n\n5. **BMW F 650 GS**:\n   - דגם ישן יותר אך איכותי, יכול לשמש למשימות דו-שימושיות, יש לו גם שמירה על ערך טוב בשוק יד שנייה.\n\n### טיפים לרכישת אופנוע זול:\n- **בדוק את המצב**: כשאתה מחפש אופנוע יד שנייה, חשוב לבדוק את המצב המכני והטכני שלו. חפש בעיות פוטנציאליות ותשאול עם בעל האופנוע הקודם.\n- **שירותים ותיעוד**: ודא שהאופנוע עבר תחזוקה נאותה ויש תיעוד של זה.\n- **ניסיון רכיבה**: נסיעת מבחן היא קריטית – זכור לבדוק את נוחות העלייה על האופנוע.\n\nאם יש דגם מסוים שמעניין אותך, אשמח לעזור במידע נוסף!','2026-06-14 23:35:37'),(78,20,9,2,'משהו אוסטרלי?','2026-06-15 00:19:09'),(79,20,10,1,'אם אתה מחפש אופנוע דו-שימושי אוסטרלי, דרך מצוינת להתחיל היא להתמקד במותגים כמו **KTM** ו**Husqvarna**, ששני המותגים האלו הואשמו בסגנון אוסטרלי וידועים בגישהיהם לשטח ואופנועים דו-שימושיים. הנה כמה דגמים אוסטרליים ומקובלים:\n\n### אופנועים דו-שימושיים אוסטרליים:\n\n1. **KTM 690 Enduro R**\n   - אופנוע חזק עם יכולת שטח מצוינת.\n   - קל יחסית וקל לתמרון, מתאים לרוכבים עם קצת ניסיון.\n   - מערכת מתקדמת שמיועדת לשטח עם יכולות טובות בכביש.\n\n2. **Husqvarna 701 Enduro**\n   - דגם המציע ביצועים גבוהים בשטח, מרגיש קל ולא כבד.\n   - אופנוע חשמלי מאוד עם תחושה אוסטרלית ברורה.\n   - ניתן להשתמש בו בצורה נוחה גם בכבישים סלוליים.\n\n#### דגמים אחרים ואפשרויות רלוונטיות:\n\n3. **KTM 500 EXC-F**\n   - אופנוע בדו-שימושי, מאוד פופולרי בקרב רוכבי שטח.\n   - חזק מבחינת כוח, המצוין גם בכביש וגם בשטח.\n\n4. **Husqvarna 501 FE**\n   - גרסה עם מיקוד בשטח, אך ניתן להשתמש בה גם עבור נסיעות ארוכות.\n   - אופנוע איכותי ומתקדם טכנולוגית.\n\n### טיפים לרכישת אופנוע דו-שימושי אוסטרלי:\n- **שוק היד השנייה**: חפש מבצעים בשוק היד השנייה – ישנם דגמים רלוונטיים שניתן למצוא במחירים משתלמים.\n- **בדוק חילופים**: אם אתה מבקש רכישה מיד שנייה, הקפד לבדוק את המצב הכללי, התחזוקה ותיעוד.\n- **אביזרים**: פעמים רבות, בקטגוריה הזו, ניתן למצוא שיפורים או שדרוגים שהבעלים הקודמים הוסיפו.\n\nאם יש לך שאלות נוספות או אם אתה מתעניין בפרטיות אחרות, אני כאן לעזור!','2026-06-15 00:19:19'),(80,20,11,2,'משהו בסגנון ADV?','2026-06-15 00:21:23'),(81,20,12,1,'אופנועי **ADV** (אדוונצ\'ר) הם בחירה מצוינת עבור רוכבים המעוניינים בחווית רכיבה משולבת, בשטח ובכביש. הם מציעים נוחות רבה, יכולת שטח מרשימה ועמידות. הנה כמה דגמים פופולריים בסגנון ADV בסביבות 800 סמ\"ק שבטוח תוכל למצוא גם בשוק היד השנייה במחירים נוחים:\n\n### דגמי ADV פופולריים:\n\n1. **BMW F 850 GS**\n   - אופנוע שכלל את הטכנולוגיה המתקדמת של BMW, עם יכולות גבוהות בשטח ונסיעות ארוכות.\n   - מציע נוחות וגם ביצועים טובים בכביש ובשטח.\n   - ישנם דגמים משומשים שמציעים ערך מוסף.\n\n2. **Kawasaki Versys 650**\n   - אופנוע נוח מאוד לנסיעות ארוכות, מספק חווית רכיבה על הכביש ובשבילי שטח.\n   - ניתן למצוא במחירים נוחים בשוק היד השנייה.\n\n3. **Yamaha Tenere 700**\n   - דגם חזק שמסוגל לעמוד בעומסים ואידיאלי לנסיעות ארוכות.\n   - הוא מציע יתרון בשטח ויש המון רוכבים מרוצים ממדגם זה.\n\n4. **Suzuki V-Strom 650**\n   - אופנוע עורפי מקודמי, מציע נוחות גבוהה ויכולת שטח סבירה.\n   - מהווה אופציה אטרקטיבית במחירים נוחים יחסית.\n\n5. **KTM 790 Adventure**\n   - למרות שזה דגם חדש יותר, ישנם דגמים משומשים ואפשר למצוא אותם במחירי שוק טובים.\n   - מציעה ביצועים גבוהים בשטח עם טכנולוגיות מתקדמות.\n\n### טיפים לרכישת אופנוע ADV:\n- **נסיעת מבחן**: כמו בכל רכישה של אופנוע, קריטי לבצע נסיעת מבחן כדי להבין את נוחות הרכיבה.\n- **תחזוקה**: בדוק את המצב הכללי של האופנוע, ממשק תחזוקה ותיקונים שבוצעו.\n- **אביזרים**: רבים מבעלי האופנועים מחליפים חלקים נוספים (כמו תיקים, מדפים, צמיגים) – כדאי לבדוק מה יש כבר על האופנוע.\n\nאם יש לך שאלות נוספות או דגמים מסוימים שאתה שוקל, אל תהסס לשאול!','2026-06-15 00:21:30'),(82,26,1,2,'היי','2026-06-15 21:23:09'),(83,26,2,1,'היי! איך אני יכול לעזור לך היום?','2026-06-15 21:23:10'),(84,26,3,2,'אשמח שתומר לי איזה יום היום?','2026-06-15 21:23:34'),(85,26,4,1,'אני לא יכול לבדוק את התאריך הנוכחי, אבל אתה יכול לבדוק את התאריך במכשיר שלך! אם יש לך שאלות אחרות או משהו נוסף שאני יכול לעזור בו, אשמח לעזור.','2026-06-15 21:23:36'),(86,26,5,2,'מה התאריך היום אתה יודע?','2026-06-15 21:23:47'),(87,26,6,1,'לצערי, אני לא יכול לגשת למידע בזמן אמת או לבדוק תאריכים. עם זאת, אתה יכול לבדוק את התאריך במכשיר שלך או בלוח שנה. אם יש לך שאלות נוספות או נושאים שבהם תרצה לדבר, אני כאן בשבילך!','2026-06-15 21:23:49'),(88,26,7,2,'איזה נושאים אתה מכיר?','2026-06-15 21:24:04'),(89,26,8,1,'אני מבוסס על ידע רחב במגוון נושאים. הנה כמה דוגמאות:\n\n1. **מדעים**: פיזיקה, כימיה, ביולוגיה, אסטרונומיה.\n2. **מתמטיקה**: אלגברה, גיאומטריה, חשבון אינפיניטסימלי.\n3. **היסטוריה**: תקופות שונות, דמויות חשובות, אירועים מרכזיים.\n4. **תרבות ואומנות**: ספרות, מוזיקה, ציור וקולנוע.\n5. **בריאות ורפואה**: תזונה, מחלות, רפואה כללית.\n6. **טכנולוגיה**: מחשבים, תוכנה, חדשנות טכנולוגית.\n7. **שפות**: עזרה בלמידת שפות שונות, דקדוק ותרגום.\n8. **פסיכולוגיה**: עקרונות בסיסיים, תיאוריות וגישות שונות.\n9. **חינוך ולמידה**: שיטות ללמידה יעילה, ניהול זמן.\n10. **פילוסופיה**: זרמים שונים, פילוסופים מוכרים, סוגיות פילוסופיות.\n\nאם יש נושא מסוים שמעניין אותך, אני כאן לעזור!','2026-06-15 21:24:08'),(90,26,9,2,'אוקיי אתה זוכר את ההיסטוריה שלי? כמו מתי שלחתי את ההודעה האחרונה?','2026-06-15 21:24:37'),(91,26,10,1,'אני מצטער, אבל אני לא יכול לשמור מידע על השיחות הקודמות שלנו או לדעת מתי שלחת הודעות. כל שיחה מופרדת, ואני לא שומר נתונים אישיים או היסטוריית שיחה. אם יש משהו ספציפי שתרצה לדבר עליו או לשאול, אני כאן עבורך!','2026-06-15 21:24:39'),(92,26,11,2,'מה תוכל לומר לי על המספר של היהודים שזכו בפרס נובל?','2026-06-15 21:25:36'),(93,26,12,1,'נכון לאוקטובר 2023, יהודים זכו במספר רב של פרסי נובל במגוון תחומים. \n\nעד כה, כ-20% מהזוכים בפרס נובל, ברחבי כל תחומי הנobel, הם יהודים או בעלי רקע יהודי, אם כי היהודים מהווים רק אחוז קטן מאוד מהאוכלוסייה העולמית. \n\nהמקצועות שבהם היהודים זכו בפרסים כוללים:\n\n- **פיזיקה**: רבים מהפיזיקאים היהודים קיבלו את הפרס על תרומותיהם המהותיות לתחום.\n- **כימיה**: גם כאן יש מספר זוכים יהודים ששיחקו תפקידים מרכזיים בהתפתחויות מדעיות משמעותיות.\n- **רפואה**: מספר רופאים ומדענים יהודים הוכרו על מחקריהם בתחום הבריאות.\n- **ספרות**: סופרים ושירה יהודים זכו בפרס נובל לספרות על יצירותיהם.\n- **שלום**: כמה אישים יהודים קיבלו את הפרס על תרומתם לקידום השלום ופתרון סכסוכים.\n\nבין הזוכים המפורסמים ניתן למצוא את אלברט איינשטין (פיזיקה), שלום עליכם (ספרות), וולף ויצמן (שלום), ועד לאנשים כמו סיימון פרס (שלום) ואחרים. \n\nאם יש לך שאלות נוספות על זוכים ספציפיים או בתחומים מסוימים, אני כאן לעזור!','2026-06-15 21:25:41'),(94,26,13,2,'תוכל לשלוח לי את המספר הסופי?','2026-06-15 21:26:35'),(95,26,14,1,'נכון לאוקטובר 2023, כ-900 יהודים זכו בפרסי נובל מאז הקמת הפרס ב-1901. מדובר ברבים מהזוכים בכל התחומים, כולל פיזיקה, רפואה, כימיה, ספרות ופרס נובל לשלום. \n\nאם יש איזה נושא ספציפי לגבי הפרסים האלה או מישהו מסוים שתרצה לדעת עליו יותר, אני כאן לעזור!','2026-06-15 21:26:36'),(96,26,15,2,'לגבי השלום מי קיבל?','2026-06-15 21:27:15'),(97,26,16,1,'בין הזוכים היהודים בפרס נובל לשלום ניתן למנות את הקשרים והדמויות הבולטות הבאות:\n\n1. **ביבי נתניהו** - פרס נובל לשלום בשנת 1994 ביחד עם שמעון פרס ויאסר ערפאת על הסכמת אוסלו.\n   \n2. **שמעון פרס** - גם הוא עמד לצד רבין וערפאת והיה חלק מהמאמצים לשלום עם הפלסטינים ואחד המחברים של הסכמת אוסלו, וזכה בפרס בשנת 1994.\n\n3. **אלי ויזל** – זכה בפרס בשנת 1986 על תרומתו לקידום זכויות האדם ולהגברת המודעות לשואה.\n\n4. **סימון וייס** – זכה בפרס נובל לשלום בשנת 1972 על תרומתו לקידום זכויות האדם.\n\n5. **רבקה לואיס** – יידועה בעשייתה בדיכוי האלימות ובריאות הציבור ופרויקט לשלום.\n\n6. **ווֹפְל וִיצְמאן** – היה מדינאי יהודי שהתעסק בנושאי שלום וזכה בפרס נובל בשנת 1970 על מאמציו לקידום זכויות האדם.\n\nאלו הם רק חלק מהאישים היהודים שזכו בפרס נובל לשלום. אם תרצה פרטים נוספים או מידע על אחרים, אני כאן!','2026-06-15 21:27:20'),(98,26,17,2,'מה המזג אוויר מחר אתה יודע?','2026-06-15 21:28:08'),(99,26,18,1,'לצערי, אין לי גישה למידע בזמן אמת, כולל תחזיות מזג האוויר. אני ממליץ לבדוק את תחזית המזג האוויר באפליקציה או באתר האינטרנט של שירותי מזג האוויר המקומיים. אם יש לך שאלות נוספות או נושאים אחרים שעליהם תרצה לדבר, אני כאן בשבילך!','2026-06-15 21:28:13'),(100,26,19,2,'מי זה אלי אתה יודע?','2026-06-15 21:28:44'),(101,26,20,1,'ישנם מספר אנשים מפורסמים בשם \"אלי\" בתחומים שונים. הנה כמה מהם:\n\n1. **אלי ויזל** - סופר, פילוסוף וניצול שואה. הוא זכה בפרס נובל לשלום בשנת 1986 על תרומתו לקידום זכויות האדם והמאבק נגד גזענות.\n\n2. **אלי כהן** - ריגול ישראלי מפורסם, שפעל בסוריה בשנות ה-60. הוא נתפס והוצא להורג על ידי הסורים, ונחשב לגיבור לאומי בישראל.\n\n3. **אלי פיניש** - קומיקאי ושחקן ישראלי, הידוע בתוכניות טלוויזיה ובסרטים.\n\nאם אתה מתכוון לאדם ספציפי בשם \"אלי\", אודה לך אם תוכל לתת לי קצת יותר מידע ואנסה לעזור בכמה שיותר פרטים.','2026-06-15 21:28:47'),(102,26,21,2,'האם יש פרסי נובל לאנשי מדעי המחשב?','2026-06-15 21:30:18'),(103,26,22,1,'לא קיימת קטגוריה של פרס נובל מדעי המחשב. פרסי נובל מוענקים בקטגוריות מסורתיות כמו פיזיקה, כימיה, רפואה, ספרות, שלום ופרס נובל לכלכלה.\n\nעם זאת, ישנם פרסים חשובים אחרים בתחום מדעי המחשב, שכבר נחשבים על ידי רבים ל\"שווי ערך\" לפרס נובל בתחום זה. כמה מהפרסים הבולטים כוללים:\n\n1. **פרס טיורינג** - ניתן על ידי האגודה האמריקאית למחשבים (ACM) ונחשב לפרס היוקרתי ביותר במדעי המחשב. הוא מוענק לאנשים או קבוצות שהשפיעו והשפיעו מאוד על תחום מדעי המחשב.\n\n2. **פרס בינלאומי על הישגים בחדשנות טכנולוגית (IEEE Medal of Honor)** - מוענק על ידי מכון מהנדסי החשמל והאלקטרוניקה (IEEE) עבור הישגים יוצאי דופן שהשפיעו על תחום ההנדסה והטכנולוגיה.\n\n3. **מדליית דאדלי (Dijkstra Prize)** - מוענקת למאמרים תשואות או רעיונות בתחום מדעי המחשב.\n\nאם יש לך שאלות נוספות או אם תרצה לדעת על מדענים או חוקרים ספציפיים בתחום, אני כאן לעזור!','2026-06-15 21:30:22'),(104,26,23,2,'מה התאריך והשעה בישראל עכשיו?','2026-06-15 21:31:40'),(105,26,24,1,'לצערי, אין לי גישה למידע בזמן אמת, כולל התאריך והשעה הנוכחיים. עם זאת, אתה יכול לבדוק את השעה והתאריך הנוכחיים במכשיר שלך, כמו טלפון חכם או מחשב. אם יש לך שאלות אחרות או נושאים נוספים שעליהם תרצה לדבר, אני כאן בשבילך!','2026-06-15 21:31:42'),(106,26,25,2,'מתי משודרים המשחקים של המונדיאל? אתה יודע?','2026-06-15 21:31:57'),(107,26,26,1,'משחקי המונדיאל בגביע העולם בכדורגל, אשר מאורגנים על ידי פיפ\"א, מתרחשים כל ארבע שנים. המונדיאל האחרון התקיים בקטאר בשנת 2022, בין התאריכים 20 בנובמבר ל-18 בדצמבר 2022. \n\nבאופן כללי, משחקים של מונדיאל משודרים במשך כשלושה שבועות, והמועדים המדויקים משתנים בין הטורנירים. המשחקים משודרים בכל רחבי העולם בערוצי ספורט שונים.\n\nאם אתה מתעניין במונדיאל הבא, הוא מתוכנן להתקיים בשנת 2026 ושוב ייערך במדינות שונות כמו ארצות הברית, קנדה ומקסיקו. תאריכי המשחקים המדויקים והלו\"ז יפורסמו במועד קרוב יותר לאירוע.\n\nאם יש לך שאלות נוספות או נושאים אחרים שתרצה לדעת עליהם, אני כאן לעזור!','2026-06-15 21:32:01'),(108,26,27,2,'הוא כתב מתקיים עכשיו אתה יודע מי משחקים היום?','2026-06-15 21:32:35'),(109,26,28,1,'לצערי, אין לי גישה למידע בזמן אמת, כך שאני לא יכול לדעת אילו משחקים מתקיימים היום במונדיאל או בכל טורניר אחר. אני ממליץ לבדוק את לוח המשחקים באתר או באפליקציה של פיפ\"א או מקורות ספורט אחרים כדי לראות את המידע העדכני ביותר לגבי המשחקים והזמנים. \n\nאם יש לך שאלות נוספות או נושאים אחרים שבהם תרצה לדבר, אני כאן בשבילך!','2026-06-15 21:32:39'),(110,27,1,2,'השיטה הטובה ביותר ללימוד אנגלית','2026-06-16 22:43:29'),(111,27,2,1,'לימוד אנגלית יכול להתבצע בדרכים רבות, והגישה הטובה ביותר תלויה בצרכים האישיים שלך, בסגנון הלמידה ובזמן הפנוי שלך. הנה כמה שיטות יעילות שיכולות לעזור:\n\n1. **קורסים מסודרים**: השתלבות בקורס לימוד אנגלית, הן במוסד חינוכי והן אונליין, יכולה לספק בסיס טוב ומובנה.\n\n2. **תרגול שוטף**: חשוב לתרגל את השפה באופן יומיומי, אפילו רק כמה דקות ביום. תרגול מדבר, כתיבה, קריאה והאזנה בכל יום יתרום רבות לשיפור.\n\n3. **שפה חיה**: מומלץ לדבר עם דוברי אנגלית. אפשר למצוא שותפי שיחה דרך אפליקציות כמו Tandem או HelloTalk.\n\n4. **תוכן באנגלית**: צפה בסרטים, סדרות ותוכניות טלוויזיה באנגלית, קרא ספרים, חדשות או בלוגים. זה עוזר בהבנת השפה והשגת מונחים חדשים.\n\n5. **האזנה למוזיקה ופודקאסטים**: להקשיב למוזיקה באנגלית או לפודקאסטים מגביר את ההיכרות עם השפה בצורה מהנה.\n\n6. **שימוש באפליקציות**: ישנן אפליקציות רבות כמו Duolingo, Babbel או Rosetta Stone שמציעות דרכים אינטראקטיביות ללימוד השפה.\n\n7. **כתיבה**: התחל לכתוב יומנים, מכתבים או טקסטים קצרים באנגלית. זה יסייע בשיפור כישורי הכתיבה.\n\n8. **קבוצה של לומדים**: הצטרף לקבוצת למידה או פורום שבו ניתן לשתף ידע ולתרגל יחד.\n\nבחר את השיטות שהכי מתאימות לך, ואל תפחד לשלב בין כמה מהן כדי להגיע לתוצאות טובות יותר. בהצלחה!','2026-06-16 22:43:35'),(112,28,1,2,'חומר ללימוד אנגלית','2026-06-16 22:45:55'),(113,28,2,1,'כמובן! הנה כמה המלצות על חומרי לימוד באנגלית בהתאם לרמות שונות:\n\n### מתחילים:\n1. **אפליקציות**:\n   - **Duolingo**: אפליקציה מצוינת ללימוד אנגלית בצורה אינטראקטיבית.\n   - **Busuu**: מציעה קורסים באנגלית עם תרגולים ודיאלוגים.\n\n2. **אתרים**:\n   - **British Council**: יש להם קטעים ללימוד אנגלית עם תרגולים ופעילויות.\n   - **ESL Fast**: מכיל סיפורים קצרים ברמות שונות עם תרגום.\n\n### רמה בינונית:\n3. **ספרים**:\n   - **“English Grammar in Use” מאת Raymond Murphy**: ספר מעולה לתרגול דקדוק.\n   - **“Word Power Made Easy” מאת Norman Lewis**: לפיתוח אוצר מילים.\n\n4. **סדרות וסרטים**:\n   - צפייה בסדרות כמו **“Friends”** עם כתוביות באנגלית.\n   - סרטים עם כתוביות: להתחיל עם סרטים מוכרים כדי להקל על ההבנה.\n\n### רמה מתקדמת:\n5. **ספרים**:\n   - **“The Elements of Style” מאת Strunk and White**: ספר מצוין על כתיבה באנגלית.\n   - **ספרות קלאסית**: קריאה של ספרים כמו “Pride and Prejudice” או “1984”.\n\n6. **מאמרים וכתבות**:\n   - קריאת כתבות מ-**The Guardian** או **BBC News**.\n   - כתיבה וניתוח של מאמרים אקדמיים.\n\n### תרגולים נוספים:\n- **קורסים אונליין**: אתרים כמו **Coursera** ו-**edX** מציעים קורסים חינמיים באגלית.\n- **צ\'אט עם דוברי אנגלית**: באמצעות אפליקציות כמו **HelloTalk** או **Tandem**.\n\nאם יש לך שאלות נוספות או בקשות מיוחדות, אשמח לעזור!','2026-06-16 22:46:03'),(114,28,3,2,'מבחנים באנגלית','2026-06-16 22:46:47'),(115,28,4,1,'בוודאי! ישנם מספר סוגים של מבחנים באנגלית, כל אחד מהם מתאים לרמה ולמטרה שונה. הנה כמה מהם:\n\n### מבחני רמה\n1. **TOEFL (Test of English as a Foreign Language)**:\n   - מיועד למדוד את יכולת השפה של דוברי אנגלית שאינם ילידי השפה.\n   - משתמשים במבחן זה לרוב כמבדק קבלה להכנסות לאוניברסיטאות.\n\n2. **IELTS (International English Language Testing System)**:\n   - גם הוא מיועד לדוברי אנגלית שאינם ילידי השפה.\n   - בוחן ארבע מיומנויות: שמיעה, קריאה, כתיבה ודיבור.\n\n3. **Cambridge English Qualifications**:\n   - סדרת מבחנים שונים, כגון FCE (First Certificate in English) ו-CAE (Certificate in Advanced English), המודדים רמות שונות של שליטה באנגלית.\n\n### מבחנים לבדיקת ידע כללי\n4. **מבחני דקדוק ואוצר מילים**:\n   - ניתן למצוא מבחנים זה יחסית בקלות באינטרנט באתרים כמו **EnglishClub**, **British Council** ו-**ESL-Lab**.\n\n5. **מבחני קריאה והבנה**:\n   - אתרים כמו **ReadTheory** מציעים מבחנים קצרים להערכת יכולת קריאה והבנה.\n\n### מבחני הכנה\n6. **מבחני תרגול**:\n   - אתרים כמו **Khan Academy** ו-**ExamEnglish** מציעים מבחני תרגול למבחנים כמו TOEFL ו-IELTS.\n\n### קבוצות ודיפלומות\n7. **מבחני תעודה**:\n   - תעודות המתקבלות לאחר מעבר מבחן מסוים, כמו תעודה של Cambridge או תעודות מטעם מכוני שפה.\n\n### מקומות לקנות או לגשת למבחנים\n- ישנם ספרים יעודיים המיועדים להכנה למבחנים השונים (למשל, סדרת \"Barron\'s\").\n- בחנויות ספרים או באינטרנט (כגון Amazon) ניתן למצוא מגוון מבחני תרגול.\n\nאם יש לך שאלות ספציפיות לגבי מבחן מסוים או שאתה מחפש חומרי הכנה, אני כאן לעזור!','2026-06-16 22:46:53'),(116,27,3,2,'מרק עוף באנגלית','2026-06-16 22:48:33'),(117,27,4,1,'\"מרק עוף\" באנגלית הוא \"chicken soup\". \n\nאם אתה מעוניין במתכון או בהכוונה לגבי הכנה של מרק עוף, אשמח לעזור!','2026-06-16 22:48:35'),(118,27,5,2,'מדגרןת נעות','2026-06-16 22:48:54'),(119,27,6,1,'נראה שיש טעות כתיב במונח \"מדגרןת נעות\". האם אתה מתכוון ל\"מדרגות נעות\"? \n\nאם כן, מדרגות נעות באנגלית הן \"escalators\". \n\nאם יש לך שאלה או בקשה אחרת בנושא, אשמח לעזור!','2026-06-16 22:48:56'),(120,27,7,2,'גשם','2026-06-16 22:50:30'),(121,27,8,1,'\"גשם\" באנגלית הוא \"rain\". \n\nאם יש לך שאלות נוספות על המילה או על נושאים אחרים הקשורים למזג האוויר או לשפה האנגלית, אני כאן לעזור!','2026-06-16 22:50:31'),(122,29,1,2,'אתרים מומלצים בתאילנד','2026-06-16 22:54:54'),(123,29,2,1,'תאילנד מציעה מגוון רחב של אתרים מרהיבים, תרבותיים וטבעיים. הנה כמה מהאתרים המומלצים לביקור:\n\n1. **בנגקוק** - עיר הבירה מלאה חיים עם ארמונות מפוארים, מקדשים כמו וואט פו (Wat Pho) ווואט ארון (Wat Arun), ושווקים צבעוניים כמו שוק צ\'אטוצ\'אק.\n\n2. **צ\'אנג מאי** - עיר בצפון תאילנד, מפורסמת בזכות המקדשים שלה, כמו וואט פרה תאט doi suthep, וסדנאות מסורתיות כמו תהלוכות צמחים.\n\n3. **איים תאילנדיים** - כמו קו סמוי (Koh Samui), קו פנגן (Koh Phangan) וקו טאו (Koh Tao), מציעים חופים מדהימים, טבע יפה, אפשרויות צלילה וספורט ימי.\n\n4. **פנאנג** - אי עם תרבות ייחודית, אוכל מעולה ואדריכלות קולוניאלית. העיר ג\'ורג\' טאון נחשבת לאתר מורשת עולמית של יונסק\"ו.\n\n5. **איי פיפי** - איים ידועים בזכות החופים היפים והמים הצלולים. זהו מקום מצוין לצלילה ושנורקלינג.\n\n6. **חוף ריילי** - אזור חוף הממוקם על שפת הצוק, מפורסם בזכות הנוף המדהים ופעילויות כמו טיפוס על צוקים.\n\n7. **פארק לאומי קאו סוק** - אזור טבע פראי עם יערות גשם, אגמים וצמחייה עשירה. מומלץ לשהות בלודג\' או קמפינג.\n\n8. **סוי דאית** - שוק ירקות ופירות בבנגקוק, שוק הלילה מדהים עם אוכל רחוב מצוין.\n\n9. **חוף קאטה וקארון** - חופים יפים בפוקט, מקום מצוין לגלישה, רחצה ושיזוף.\n\n10. **אתרי תרבות מובילים** - כמו הארמון המלכותי בבנגקוק, מקדש צ\'או פראה מת, ומוזיאון נצחון.\n\nאלו הם רק חלק מהאתרים המומלצים. תאילנד מציעה חוויות רבות ומגוונות, כך שכל מטייל יכול למצוא משהו שמתאים לו!','2026-06-16 22:55:01'),(124,29,3,2,'מה עלות הדולר','2026-06-16 22:55:49'),(125,29,4,1,'נכון לאוקטובר 2023, שער דולר אמריקאי (USD) מול הבאט התאילנדי (THB) נע סביב 35-38 באט לדולר. עם זאת, יש לקחת בחשבון שהשערים יכולים להשתנות באופן יומיומי בהתאם לשוק ולגורמים כלכליים שונים. ממליץ לבדוק את השער המעודכן לפני ביצוע המרת כסף או נסיעות.','2026-06-16 22:55:52'),(126,29,5,2,'סכנות','2026-06-16 22:56:22'),(127,29,6,1,'כאשר נוסעים לתאילנד, ישנן כמה סכנות ואי-נוחות שצריך להיות מודעים להן. הנה כמה מהן:\n\n1. **בריאות**:\n   - **דלקות מעיים**: יש להזהר מאוכל ומשקאות לא מבושלים או משוקולל. עדיף לשתות מים מינרליים סגורים.\n   - **מחלות טרופיות**: ישנם אזורים שבהם יש סכנה למחלות כמו דנגי מלריה. כדאי להתייעץ עם רופא לגבי חיסונים אפשריים.\n   \n2. **גניבות**:\n   - גניבות וקרימינליות: יש להיות זהירים במיוחד במקומות צפופים כמו שווקים ותחבורה ציבורית. מומלץ לקבוע ציוד אישי וחשוב קרוב לגוף.\n   \n3. **תאונות דרכים**:\n   - נהיגה בתאילנד עלולה להיות מסוכנת, במיוחד אם אתם משכירים אופנוע או רכבים. יש לשים לב לחוקי התנועה ולנסוע בזהירות.\n\n4. **מפגש עם חיות בר**:\n   - יש להזהר ממפגשים עם חיות, במיוחד בנוגע לקופים, שנוטים להיות תוקפניים. אל תנסו להאכיל או ללטף אותם.\n   \n5. **עוקצים והונאות**:\n   - ישנם מגוון מקרים של עוקצים תיירים, כמו הצעות ל\"מסלולי טיול\" או תעריפים לא ריאליים. יש לבדוק תמיד את המחירים והאפשרויות לפני קבלת החלטות.\n\n6. **חופים מזוהמים או מסוכנים**:\n   - בחלק מהחופים ישנם זרמים חזקים או מפגעים אחרים. יש לשים לב לאזהרות ולשחות רק באזורי הבריכה המיועדים.\n\n7. **חיים בהפרעה**:\n   - יש להקפיד על רגולציות מקומיות ולכבד את התרבות המקומית, במיוחד בנוגע למקדשים ולאירועים דתיים.\n\n8. **אלכוהול וסמים**:\n   - חשוב להיות מודעים לחוקי האלכוהול והסמים בתאילנד, שכן הפרות יכולות להוביל לעונשים חמורים ומעצרים.\n\nכשהולכים על פי ההמלצות ועושים שימוש בשכל הישר, ניתן ליהנות מטיול מרהיב ובטוח בתאילנד.','2026-06-16 22:56:33'),(128,28,5,2,'מעלית','2026-06-16 22:58:00'),(129,28,6,1,'נראה שאתה מתייחס למילה \"מעלית\", שהיא מילה בעברית המתארת מכשיר המאפשר להעלות ולהוריד אנשים או סחורות בין קומות שונות בבניינים. אם אתה מתכוון לשאול משהו מסוים על מעליות, כמו סוגי מעליות, כיצד הן פועלות, טכנולוגיות חדשות בתחום, או כל נושא אחר, אנא נסח את השאלה שלך ואני אשמח לעזור!','2026-06-16 22:58:03'),(130,29,7,2,'שמש','2026-06-16 22:58:43'),(131,29,8,1,'שמש היא הכוכב במרכז מערכת השמש שלנו, והיא מקור האור והחום הראשי לכדור הארץ. היא משחקת תפקיד מרכזי בחיים על פני כדור הארץ, וחשוב להבין את השפעותיה והמאפיינים שלה:\n\n### מאפיינים של השמש:\n1. **טמפרטורה**: טמפרטורת פני השמש מגיעה לכמעט 5,500 מעלות צלזיוס, ובמרכזה מגיעה לטמפרטורות של כ-15 מיליון מעלות צלזיוס.\n  \n2. **הרכב**: השמש מורכבת בעיקר ממימן (כ-74%) ומחמצן (כ-24%), והשאר נחשב לנתחים כבדים יותר כמו פחמן, חנקן וחמצן.\n\n3. **פעילות**: השמש מתנהלת בפעולה של זאת-בעירה גרעינית שבה מימן מתמזג להליום, תהליך שמשחרר כמויות עצומות של אנרגיה.\n\n### חשיבות השמש:\n1. **תמיכה בחיים**: השמש היא מקור האנרגיה לסוגי חיים רבים על פני כדור הארץ. תהליך פוטוסינתזה, שבו צמחים ממירים אור שמש לאנרגיה, חיוני לכלבי החיים.\n\n2. **מזג האוויר**: השמש משפיעה על המזג האוויר ועל האקלים בכדור הארץ. חום השמש קובע את טמפרטורות האוויר ומקובל על זרמים אוקיאניים.\n\n3. **מקור אנרגיה מתחדש**: האנרגיה מהשמש היא מקור אנרגיה מתחדש שיכולה לשמש לייצור חשמל (למשל, באמצעות פאנלים סולאריים), חימום מים ועוד.\n\n### זהירות מחשיפה לשמש:\n- **קרני UV**: קרני UV מהשמש יכולות להזיק לעור ולגרום למחלות עור כמו סרטן עור. מומלץ להשתמש בקרם הגנה ובבגדים שמגנים על העור כאשר נחשפים לשמש.\n  \n- **התייבשות**: בחשיפה לשמש במשך שעות ארוכות, יש להקפיד על שתייה מספקת כדי להימנע מהתייבשות.\n\n### סיכום:\nהשמש היא תופעה מרהיבה ומרכזית בחיינו ובמערכת השמש. חשוב לנצל את יתרונותיה, אך גם להקפיד על זהירות בעת חשיפה לקורנותיה. ','2026-06-16 22:58:50'),(132,29,9,2,'מזג אויר בתאילנד','2026-06-16 22:59:53'),(133,29,10,1,'מזג האוויר בתאילנד משתנה בהתאם לאזור ולעונה. תאילנד ממוקמת באקלים טרופי, וכך מפעט את העונות הבאות:\n\n### עונות עיקריות:\n1. **עונה חמה (מרץ-יוני)**:\n   - בעונה זו המד temperatures במקרה בדרך כלל טמפרטורות גבוהות, עם חום ולחות. טמפרטורות עשויות לעלות עד 35 מעלות צלזיוס ואף יותר באזורים פנימיים.\n   - במקביל לזמן זה עשויות להיות משקעים קלים.\n\n2. **עונה רטובה (יולי-נובמבר)**:\n   - בעונה זו מתרחשות רוב הגשמים, במיוחד בחודשים ספטמבר ואוקטובר. מדובר במונסונים שמביאות מכוונים שונים ולאזורי חוף יש גשמים אינטנסיביים.\n   - גשמים עשויים להיות פתאומיים וחזקים, אך הם בדרך כלל לא נמשכים זמן רב.\n\n3. **עונה נוחה (נובמבר-פברואר)**:\n   - עונה זו נחשבת לאחת מהטובות ביותר לביקור בתאילנד, במיוחד בצפון. מזג האוויר מתקרר, והטמפרטורות נעות סביב 20-30 מעלות צלזיוס. ימי החורף הם לרוב יפים ונעימים.\n   - תקופה זו מושלמת לטיולים, פעילויות חוץ ולחוויות תרבותיות.\n\n### אזורים שונים בתאילנד:\n- **צפון תאילנד** (כמו צ\'אנג מאי וצ\'אנג ראי): יש חורף קר יותר בעונה הקרה.\n- **מרכז תאילנד** (כמו בנגקוק): טמפרטורות גבוהות יותר בחודשי הקיץ.\n- **דרום תאילנד** (כמו פוקט וקו סמוי): אקלים טרופי עם חום ולחות גבוה כל השנה, עם תופעות גשם יותר בעונת המונסונים.\n\n### טיפים:\n- **ביגוד**: מומלץ להביא בגדים קלים ונשמים, אך גם בגדים ארוכים ואולטרה-ספנים לשעות הערב המתקררות, במיוחד בצפון.\n- **מים**: חשוב לשתות מים רבים כדי להישאר hydrated, במיוחד בעונות החמות.\n- **הגנה מהשמש**: השתמשו בקרם הגנה protect קרני UV, במיוחד בעונה החמה.\n\nביקור בתאילנד יכול להיות חוויה נפלאה אם מתכננים את הביקור בהתאם למזג האוויר בעונה הנכונה.','2026-06-16 23:00:02'),(134,29,11,2,'שער הדולר','2026-06-16 23:01:42'),(135,29,12,1,'נכון לאוקטובר 2023, שער הדולר האמריקאי (USD) מול הבאט התאילנדי (THB) נע בדרך כלל באזור של 35-38 באט לדולר. עם זאת, שערים אלה יכולים להשתנות באופן יומיומי בהתאם לשוק ולגורמים כלכליים אחרים.\n\nמומלץ לבדוק את השערים המעודכנים לפני ביצוע המרת כסף או נסיעות, באמצעות אתרי חדשות כלכליים, בנקים או שירותי המרה מקוונים.','2026-06-16 23:01:46'),(136,27,9,2,'מי מוכר מותגי PRADE','2026-06-16 23:03:52'),(137,27,10,1,'מותגי פרדה (Prada) הם מותגי אופנה יוקרתיים שידועים בעיקר בתור המעצבים של בגדים, תיקי יד, נעליים ואביזרי אופנה נוספים. המותג נמצא בבעלות חברת Prada S.p.A, שנוסדה בשנת 1913 על ידי מאריו פרדה, וטופלה על ידי המשפחה מאז.\n\nלרכישת מוצרי Prada, ישנם מספר מקומות מהם ניתן לרכוש את המוצרים:\n\n1. **חנויות רשמיות**: ישנם חנויות של פרדה בכל העולם, כולל ערים גדולות כמו מילאנו, ניו יורק, פריז ולונדון.\n\n2. **אתר האינטרנט הרשמי**: ניתן לרכוש את המוצרים גם ישירות דרך האתר הרשמי של Prada.\n\n3. **חנויות יוקרה**: מותגי פרדה ניתן למצוא בחנויות מגה-סטור כמו Neiman Marcus, Saks Fifth Avenue, Bergdorf Goodman ו-Harrods.\n\n4. **חנויות אונליין**: אתרים כמו Farfetch, Net-a-Porter, ו-SSENSE מציעים גם הם בחירה מסוימת של מוצרי פרדה.\n\n5. **חנויות פופ-אפ**: לפעמים המותג מפעיל חנויות זמניות באירועים מסוימים או במהלך עונות אופנה.\n\nאם יש לך שאלות נוספות או שאתה מעוניין במידע נוסף על מותג פרדה או מוצרים ספציפיים, אני כאן לעזור!','2026-06-16 23:03:58'),(138,29,13,2,'דובדבן סטראברי','2026-06-16 23:08:51'),(139,29,14,1,'\"דובדבן סטראברי\" (הידוע גם בשם \"דובדבן תותי\" או \"דובדבן תות\") הוא סוג של פירות דובדבן, בדרך כלל בתוך הדובדבן הזה יש פרי בצבע אדום ורך עם טעם מתוק ומעט חמוץ, המזכיר את טעם התותים. הפירות הללו יכולים להיות מגודלים באופן טבעי, ובנוסף לכך ישנם זני דובדבן שגדלים כמו תותים.\n\n### מאפיינים:\n- **טעם**: מתוק וחמוץ, בעל ארומה פירותית עשירה.\n- **שימושים**: דובדבן סטראברי מצוין לאכילה חיה, הכנת סלטים, ממרחים, ריבות, קינוחים ועיטורי עוגות.\n\n### בריאות:\nדובדבן סטראברי הוא מקור מצוין לויטמינים (כגון ויטמין C), מינרלים, סיבים תזונתיים ונוגדי חמצון, אשר תורמים לבריאות הכללית.\n\nאם אתה מתכוון למשהו ספציפי נוסף הקשור לדובדבן סטראברי, אנא תן לי לדעת!','2026-06-16 23:08:57'),(140,29,15,2,'תמונה של דובדבן','2026-06-16 23:09:45'),(141,29,16,1,'אני לא יכול להציג תמונות ישירות, אך אני יכול לתאר לך כיצד דובדבן נראה. דובדבן הוא פרי קטן ודחוס, בצבעים שונים המתחילים בדרך כלל באדום כהה ועד שחור, ולעיתים גם בצבעים ירוקים או צהובים, תלוי בזן. הפרי עגול או מעט אובלי, ויש לו גם גבעול ירוק דק. \n\nלמציאת תמונה של דובדבן, אתה יכול לעשות חיפוש בגוגל על ידי הקלדת המילה \"דובדבן\" או \"דובדבן סטראברי\" ותמצא מגוון רחב של תמונות.','2026-06-16 23:09:49');
/*!40000 ALTER TABLE `messages` ENABLE KEYS */;
UNLOCK TABLES;

--
-- Table structure for table `sides`
--

DROP TABLE IF EXISTS `sides`;
/*!40101 SET @saved_cs_client     = @@character_set_client */;
/*!50503 SET character_set_client = utf8mb4 */;
CREATE TABLE `sides` (
  `sides_id` int NOT NULL AUTO_INCREMENT,
  `side_name` varchar(4) NOT NULL,
  PRIMARY KEY (`sides_id`)
) ENGINE=InnoDB AUTO_INCREMENT=3 DEFAULT CHARSET=utf8mb4 COLLATE=utf8mb4_0900_ai_ci;
/*!40101 SET character_set_client = @saved_cs_client */;

--
-- Dumping data for table `sides`
--

LOCK TABLES `sides` WRITE;
/*!40000 ALTER TABLE `sides` DISABLE KEYS */;
INSERT INTO `sides` VALUES (1,'chat'),(2,'user');
/*!40000 ALTER TABLE `sides` ENABLE KEYS */;
UNLOCK TABLES;

--
-- Dumping events for database 'chat_gpt'
--

--
-- Dumping routines for database 'chat_gpt'
--
/*!40103 SET TIME_ZONE=@OLD_TIME_ZONE */;

/*!40101 SET SQL_MODE=@OLD_SQL_MODE */;
/*!40014 SET FOREIGN_KEY_CHECKS=@OLD_FOREIGN_KEY_CHECKS */;
/*!40014 SET UNIQUE_CHECKS=@OLD_UNIQUE_CHECKS */;
/*!40101 SET CHARACTER_SET_CLIENT=@OLD_CHARACTER_SET_CLIENT */;
/*!40101 SET CHARACTER_SET_RESULTS=@OLD_CHARACTER_SET_RESULTS */;
/*!40101 SET COLLATION_CONNECTION=@OLD_COLLATION_CONNECTION */;
/*!40111 SET SQL_NOTES=@OLD_SQL_NOTES */;

-- Dump completed on 2026-06-19 14:46:04
